"block","stime","etime","dur","sxp","syp","exp","eyp","ampl","img","image_onset_time","etime_first_fix","sacc_end_before_onset","sacc_end_before_end_first_fix"
1,194797,194804,8,974.1,572.9,960.2,573.8,0.36,"1001.jpg",194328,194796,FALSE,FALSE
1,195257,195279,23,918,588.5,920.5,522.6,1.72,"1001.jpg",194328,194796,FALSE,FALSE
1,195469,195509,41,919.1,513.1,869.9,318.5,5.2,"1001.jpg",194328,194796,FALSE,FALSE
1,196038,196093,56,862.8,303.5,622.8,425.5,6.89,"1001.jpg",194328,194796,FALSE,FALSE
1,196522,196584,63,641.4,432.7,938.1,779.2,11.71,"1001.jpg",194328,194796,FALSE,FALSE
1,196841,196865,25,933.1,808.8,948.9,800.8,0.46,"1001.jpg",194328,194796,FALSE,FALSE
2,200509,200545,37,927.7,523.9,822.4,520.4,2.73,"1006.jpg",200144,200508,FALSE,FALSE
2,200911,200950,40,784.9,531.2,676.3,659.1,4.32,"1006.jpg",200144,200508,FALSE,FALSE
2,201139,201174,36,666.3,654.8,596.8,700.8,2.12,"1006.jpg",200144,200508,FALSE,FALSE
2,201545,201578,34,574.9,717,638,729.9,1.63,"1006.jpg",200144,200508,FALSE,FALSE
2,201705,201757,53,641.8,738.5,1206.5,764.1,14.38,"1006.jpg",200144,200508,FALSE,FALSE
2,201912,201948,37,1193.6,771.3,1293.1,788.1,2.56,"1006.jpg",200144,200508,FALSE,FALSE
2,202123,202151,29,1304.1,792.8,1329.6,791.7,0.64,"1006.jpg",200144,200508,FALSE,FALSE
2,202543,202573,31,1331.3,800.2,1345.2,853.2,1.38,"1006.jpg",200144,200508,FALSE,FALSE
2,202801,202820,20,1354.9,848,1356.5,803.2,1.13,"1006.jpg",200144,200508,FALSE,FALSE
2,202994,203020,27,1352.6,801.8,1347.7,782.9,0.49,"1006.jpg",200144,200508,FALSE,FALSE
3,205152,205189,38,971.7,555.7,875.3,377.6,5.25,"1094.jpg",204903,205151,FALSE,FALSE
3,205408,205416,9,876.6,389.7,887.4,380.3,0.37,"1094.jpg",204903,205151,FALSE,FALSE
3,205661,205675,15,886,380.9,915.9,376.8,0.78,"1094.jpg",204903,205151,FALSE,FALSE
3,205863,205903,41,908.1,377.1,1044.6,476.4,4.37,"1094.jpg",204903,205151,FALSE,FALSE
3,206101,206149,49,1046.6,476.6,1015,602.3,3.37,"1094.jpg",204903,205151,FALSE,FALSE
3,206360,206409,50,1011.1,611.5,891.4,659.3,3.34,"1094.jpg",204903,205151,FALSE,FALSE
3,206585,206613,29,900.9,671.7,914.1,726.4,1.46,"1094.jpg",204903,205151,FALSE,FALSE
3,206810,206827,18,915.4,729.7,899.4,738.5,0.47,"1094.jpg",204903,205151,FALSE,FALSE
3,206942,206965,24,900.9,741,871.9,668.6,2.02,"1094.jpg",204903,205151,FALSE,FALSE
3,207131,207209,79,868,675.4,1262.7,338.8,13.32,"1094.jpg",204903,205151,FALSE,FALSE
3,207390,207417,28,1251.8,331.8,1282.9,279.6,1.55,"1094.jpg",204903,205151,FALSE,FALSE
3,207754,207793,40,1277.2,291.4,1397.6,372.7,3.66,"1094.jpg",204903,205151,FALSE,FALSE
4,209773,209815,43,872.7,535.2,770.8,339.8,5.69,"1101.jpg",209311,209772,FALSE,FALSE
4,210387,210453,67,755.8,356.1,1287,298.8,13.61,"1101.jpg",209311,209772,FALSE,FALSE
4,210948,210978,31,1280,308.2,1295.4,408.2,2.59,"1101.jpg",209311,209772,FALSE,FALSE
4,211175,211217,43,1306.9,405.6,1283.6,497.7,2.44,"1101.jpg",209311,209772,FALSE,FALSE
4,211466,211514,49,1282,509.7,1235,619.5,3.07,"1101.jpg",209311,209772,FALSE,FALSE
4,211661,211727,67,1234.4,636.1,721.2,684.8,13.2,"1101.jpg",209311,209772,FALSE,FALSE
4,211845,211874,30,709.8,681.5,565,613.9,4.06,"1101.jpg",209311,209772,FALSE,FALSE
4,212260,212317,58,539.8,629.9,791.7,405.6,8.61,"1101.jpg",209311,209772,FALSE,FALSE
5,214563,214607,45,972.8,532.7,1068.1,283.6,6.89,"1112.jpg",214395,214562,FALSE,FALSE
5,214707,214730,24,1072.5,288.5,1081.9,218.3,1.81,"1112.jpg",214395,214562,FALSE,FALSE
5,214854,214874,21,1080.6,241.1,1073.2,207.3,0.88,"1112.jpg",214395,214562,FALSE,FALSE
5,215095,215145,51,1065,216.8,978.5,349.4,4.07,"1112.jpg",214395,214562,FALSE,FALSE
5,215510,215582,73,991.7,365.3,1170.9,716.8,10.17,"1112.jpg",214395,214562,FALSE,FALSE
5,215672,215720,49,1167.8,716.8,1292.5,723.5,3.18,"1112.jpg",214395,214562,FALSE,FALSE
5,215820,215842,23,1281.6,721.6,1259.7,701.1,0.77,"1112.jpg",214395,214562,FALSE,FALSE
5,216232,216305,74,1236.2,707.3,559.5,734.6,17.12,"1112.jpg",214395,214562,FALSE,FALSE
5,216603,216632,30,566,748,594.6,738.5,0.76,"1112.jpg",214395,214562,FALSE,FALSE
5,216773,216854,82,610.2,745.9,1446.9,381.1,22.86,"1112.jpg",214395,214562,FALSE,FALSE
5,217008,217037,30,1455,385.7,1474.6,280.2,2.69,"1112.jpg",214395,214562,FALSE,FALSE
6,219443,219458,16,972.7,489.4,947.3,510.2,0.85,"1118.jpg",219169,219442,FALSE,FALSE
6,219631,219656,26,948.3,513,900.7,448.5,2.08,"1118.jpg",219169,219442,FALSE,FALSE
6,219936,219957,22,891.1,468,931.9,468,1.06,"1118.jpg",219169,219442,FALSE,FALSE
6,220252,220285,34,904.2,465.6,937.9,510.2,1.45,"1118.jpg",219169,219442,FALSE,FALSE
6,220338,220397,60,945.1,512.4,1257.3,486.4,8.06,"1118.jpg",219169,219442,FALSE,FALSE
6,220634,220685,52,1254.6,497.3,1307.9,618.8,3.4,"1118.jpg",219169,219442,FALSE,FALSE
6,220801,220839,39,1300.7,636.3,1298,714.1,1.99,"1118.jpg",219169,219442,FALSE,FALSE
6,221182,221242,61,1298,721.1,941.6,752.5,9.15,"1118.jpg",219169,219442,FALSE,FALSE
6,221571,221603,33,928.2,778.6,978.4,806.1,1.48,"1118.jpg",219169,219442,FALSE,FALSE
6,221750,221799,50,991.1,802.1,1116,861.1,3.54,"1118.jpg",219169,219442,FALSE,FALSE
6,221917,221972,56,1113.3,861.9,839.7,690,8.3,"1118.jpg",219169,219442,FALSE,FALSE
7,224390,224467,78,976.4,519,1152.7,377.8,5.84,"1132.jpg",224128,224389,FALSE,FALSE
7,224710,224727,18,1169.4,380.6,1142.5,392.9,0.76,"1132.jpg",224128,224389,FALSE,FALSE
7,224925,224996,72,1153.9,392.2,600.5,372.3,14.11,"1132.jpg",224128,224389,FALSE,FALSE
7,225180,225190,11,597.9,376.8,583.8,361.6,0.53,"1132.jpg",224128,224389,FALSE,FALSE
7,225592,225666,75,587.8,368.5,647.4,738.1,9.56,"1132.jpg",224128,224389,FALSE,FALSE
7,225939,225961,23,648.9,754.1,579.9,766.2,1.77,"1132.jpg",224128,224389,FALSE,FALSE
7,226099,226172,74,589.5,768.3,1267,756.4,17.11,"1132.jpg",224128,224389,FALSE,FALSE
7,226420,226450,31,1259,756.2,1258.7,660.8,2.44,"1132.jpg",224128,224389,FALSE,FALSE
7,226619,226675,57,1253.9,670.9,1176.6,386.3,7.59,"1132.jpg",224128,224389,FALSE,FALSE
8,228865,228893,29,1093.2,410.9,1125.3,412,0.83,"1178.jpg",228378,228864,FALSE,FALSE
8,229170,229181,12,1110.9,420,1088.8,422.5,0.57,"1178.jpg",228378,228864,FALSE,FALSE
8,229300,229349,50,1090.1,425.8,1209,601.6,5.48,"1178.jpg",228378,228864,FALSE,FALSE
8,229622,229643,22,1194.8,613.3,1217.1,635.2,0.8,"1178.jpg",228378,228864,FALSE,FALSE
8,229711,229775,65,1216.8,633,693.1,762.7,13.8,"1178.jpg",228378,228864,FALSE,FALSE
8,229982,230018,37,690.6,775.3,573.5,821.8,3.18,"1178.jpg",228378,228864,FALSE,FALSE
8,230216,230255,40,559.3,820.6,435.7,829,3.06,"1178.jpg",228378,228864,FALSE,FALSE
8,230476,230494,19,424.7,830.6,379.8,817.9,1.13,"1178.jpg",228378,228864,FALSE,FALSE
8,230683,230715,33,385.9,819.5,414.7,684.3,3.45,"1178.jpg",228378,228864,FALSE,FALSE
8,230936,230986,51,417,694.5,508,898.3,5.56,"1178.jpg",228378,228864,FALSE,FALSE
8,231261,231299,39,503.6,909.7,663.6,906.7,3.99,"1178.jpg",228378,228864,FALSE,FALSE
8,231363,231441,79,667.4,910.9,1423,863.1,18.86,"1178.jpg",228378,228864,FALSE,FALSE
9,233676,233716,41,952,514.2,726.9,474.2,5.91,"1188.jpg",233486,233675,FALSE,FALSE
9,233865,233872,8,715.9,475.8,699.3,473,0.43,"1188.jpg",233486,233675,FALSE,FALSE
9,234402,234459,58,686.7,488.3,1006.6,276.8,9.85,"1188.jpg",233486,233675,FALSE,FALSE
9,234670,234697,28,1004.9,264.5,1027.5,267.6,0.59,"1188.jpg",233486,233675,FALSE,FALSE
9,234875,234915,41,1028,264.3,1140.3,309.8,3.11,"1188.jpg",233486,233675,FALSE,FALSE
9,235066,235120,55,1142.3,319.1,1319.7,524,6.94,"1188.jpg",233486,233675,FALSE,FALSE
9,235255,235273,19,1301.9,546.4,1285.1,526.1,0.67,"1188.jpg",233486,233675,FALSE,FALSE
9,235425,235478,54,1287.3,531.1,1072.7,606.3,5.84,"1188.jpg",233486,233675,FALSE,FALSE
9,235616,235636,21,1083.3,611.6,1084.7,590.5,0.55,"1188.jpg",233486,233675,FALSE,FALSE
9,235769,235804,36,1093.3,598.1,1026,606.5,1.76,"1188.jpg",233486,233675,FALSE,FALSE
9,236375,236414,40,1021.6,614.7,1036.2,690.6,2,"1188.jpg",233486,233675,FALSE,FALSE
10,238644,238663,20,964.1,546.5,930.7,564.7,0.99,"1226.jpg",238469,238643,FALSE,FALSE
10,238810,238823,14,934.3,564.7,905.2,561.3,0.76,"1226.jpg",238469,238643,FALSE,FALSE
10,239106,239132,27,884.2,578.6,742.8,540.7,3.78,"1226.jpg",238469,238643,FALSE,FALSE
10,239589,239640,52,724.8,537.2,756.6,752.2,5.61,"1226.jpg",238469,238643,FALSE,FALSE
10,239855,239887,33,752.8,767.3,772.5,910.5,3.67,"1226.jpg",238469,238643,FALSE,FALSE
10,240085,240131,47,775.3,904.9,684.7,958.6,2.66,"1226.jpg",238469,238643,FALSE,FALSE
10,240286,240293,8,696.4,960.6,680.8,960.6,0.39,"1226.jpg",238469,238643,FALSE,FALSE
10,240427,240460,34,688.2,959.9,743.3,810.4,4.02,"1226.jpg",238469,238643,FALSE,FALSE
10,240801,240812,12,736.5,821.8,722.1,837.3,0.54,"1226.jpg",238469,238643,FALSE,FALSE
10,240998,241063,66,730.3,836.5,1379.6,729.1,16.62,"1226.jpg",238469,238643,FALSE,FALSE
10,241218,241241,24,1381.8,733.3,1388.1,705.9,0.71,"1226.jpg",238469,238643,FALSE,FALSE
11,243956,243970,15,743.7,457.6,751.9,430.8,0.72,"1227.jpg",243536,243955,FALSE,FALSE
11,244453,244508,56,705.9,422.6,436.5,789.2,11.49,"1227.jpg",243536,243955,FALSE,FALSE
11,244851,244877,27,428.2,783.6,564.4,808.6,3.43,"1227.jpg",243536,243955,FALSE,FALSE
11,245030,245068,39,564.4,810.6,992.7,842.4,10.89,"1227.jpg",243536,243955,FALSE,FALSE
11,245358,245381,24,983.4,849,1031.8,840,1.27,"1227.jpg",243536,243955,FALSE,FALSE
11,245514,245556,43,1025.9,848.2,1297.4,866.8,6.92,"1227.jpg",243536,243955,FALSE,FALSE
11,245792,245814,23,1296.7,865.4,1353.3,839,1.57,"1227.jpg",243536,243955,FALSE,FALSE
11,245988,246029,42,1349.4,842.9,1264.5,625.3,5.94,"1227.jpg",243536,243955,FALSE,FALSE
11,246247,246268,22,1252.5,623,1325.3,619.2,1.85,"1227.jpg",243536,243955,FALSE,FALSE
11,246464,246499,36,1321.6,620.8,1259.7,456.7,4.5,"1227.jpg",243536,243955,FALSE,FALSE
12,248169,248198,30,841.8,531.6,845.8,359.7,4.45,"1233.jpg",247978,248168,FALSE,FALSE
12,248286,248310,25,845.5,346.3,835.4,280.2,1.72,"1233.jpg",247978,248168,FALSE,FALSE
12,248707,248721,15,829.7,309.1,836.2,305.1,0.2,"1233.jpg",247978,248168,FALSE,FALSE
12,248961,249013,53,837.7,303.7,789.7,489.3,4.95,"1233.jpg",247978,248168,FALSE,FALSE
12,249146,249185,40,793.2,503.7,702,521,2.39,"1233.jpg",247978,248168,FALSE,FALSE
12,249614,249673,60,690.6,514.2,402.9,442.2,7.41,"1233.jpg",247978,248168,FALSE,FALSE
12,250073,250105,33,421.6,441.6,411.5,581.5,3.54,"1233.jpg",247978,248168,FALSE,FALSE
12,250542,250607,66,415.7,575.9,873.2,730,12.16,"1233.jpg",247978,248168,FALSE,FALSE
12,250905,250949,45,870.7,741.5,853.3,857,2.99,"1233.jpg",247978,248168,FALSE,FALSE
13,253163,253181,19,981.5,453,984.4,412.4,1.06,"1265.jpg",252570,253162,FALSE,FALSE
13,253233,253271,39,992.1,412.1,1021.5,319.5,2.51,"1265.jpg",252570,253162,FALSE,FALSE
13,253458,253493,36,1026.4,310.4,1103.2,299.7,2,"1265.jpg",252570,253162,FALSE,FALSE
13,253704,253734,31,1083.3,304.3,1130.1,297.4,1.22,"1265.jpg",252570,253162,FALSE,FALSE
13,253886,253934,49,1134.4,298.4,995.7,338.9,3.72,"1265.jpg",252570,253162,FALSE,FALSE
13,254512,254573,62,1013.3,349,981.4,657.3,8.03,"1265.jpg",252570,253162,FALSE,FALSE
13,254733,254803,71,985.4,673.5,1206.1,356.6,9.96,"1265.jpg",252570,253162,FALSE,FALSE
13,255112,255185,74,1197.7,361.2,773.5,925.8,17.99,"1265.jpg",252570,253162,FALSE,FALSE
13,255346,255369,24,755.6,933.7,789,862.5,1.99,"1265.jpg",252570,253162,FALSE,FALSE
13,255557,255580,24,791,876,832.5,881,1.07,"1265.jpg",252570,253162,FALSE,FALSE
14,257566,257622,57,888.3,565.6,811.1,329.6,6.42,"1277.jpg",257145,257565,FALSE,FALSE
14,257777,257791,15,811.8,318,807.6,289.7,0.73,"1277.jpg",257145,257565,FALSE,FALSE
14,258141,258173,33,804.9,304.5,753.1,392.5,2.63,"1277.jpg",257145,257565,FALSE,FALSE
14,258286,258337,52,754.8,379.6,655.3,515.4,4.33,"1277.jpg",257145,257565,FALSE,FALSE
14,258589,258622,34,663.8,526,665.6,564.3,0.99,"1277.jpg",257145,257565,FALSE,FALSE
14,258805,258869,65,669.5,571.6,915.6,874.4,10,"1277.jpg",257145,257565,FALSE,FALSE
14,259009,259020,12,925.3,885.1,917.2,863.3,0.59,"1277.jpg",257145,257565,FALSE,FALSE
14,259206,259240,35,904.2,877,921.9,716.3,4.15,"1277.jpg",257145,257565,FALSE,FALSE
14,259900,259956,57,933.5,711.8,1145.3,906.3,7.37,"1277.jpg",257145,257565,FALSE,FALSE
14,260138,260170,33,1138.1,913.3,1180.4,908.3,1.08,"1277.jpg",257145,257565,FALSE,FALSE
15,261892,261931,40,924.7,534.8,800.4,585.5,3.48,"1287.jpg",261678,261891,FALSE,FALSE
15,262125,262147,23,785.3,597,772.6,656.6,1.58,"1287.jpg",261678,261891,FALSE,FALSE
15,262300,262323,24,760.2,653.1,785.1,724.7,1.96,"1287.jpg",261678,261891,FALSE,FALSE
15,262554,262574,21,778.3,717.9,771.3,776.7,1.52,"1287.jpg",261678,261891,FALSE,FALSE
15,262814,262879,66,769.3,780.2,398.9,725.9,9.35,"1287.jpg",261678,261891,FALSE,FALSE
15,263077,263098,22,396.9,730.9,419.4,756.5,0.84,"1287.jpg",261678,261891,FALSE,FALSE
15,263335,263369,35,414.1,758.8,372.1,764.3,1.03,"1287.jpg",261678,261891,FALSE,FALSE
15,263469,263546,78,358.2,760.4,1057.4,418.2,19.5,"1287.jpg",261678,261891,FALSE,FALSE
15,263699,263733,35,1045.7,414.7,1057.1,386.9,0.78,"1287.jpg",261678,261891,FALSE,FALSE
15,263917,263971,55,1053.2,383.4,1276.3,498.1,6.44,"1287.jpg",261678,261891,FALSE,FALSE
15,264235,264302,68,1259,502.9,1135,847.7,9.38,"1287.jpg",261678,261891,FALSE,FALSE
15,264450,264492,43,1128.9,845.5,1212.1,859.7,2.15,"1287.jpg",261678,261891,FALSE,FALSE
15,264605,264645,41,1203.5,855,1151.9,877.3,1.43,"1287.jpg",261678,261891,FALSE,FALSE
16,266485,266523,39,904.3,533.3,798.8,552.4,2.78,"1296.jpg",266278,266484,FALSE,FALSE
16,266688,266794,107,793,552.2,850.8,680.5,3.65,"1296.jpg",266278,266484,FALSE,FALSE
16,266939,266957,19,829.1,698.9,846.9,736.8,1.08,"1296.jpg",266278,266484,FALSE,FALSE
16,267101,267117,17,835.9,732.1,814.6,738.8,0.58,"1296.jpg",266278,266484,FALSE,FALSE
16,267385,267439,55,807.7,742.7,914.1,701.8,2.95,"1296.jpg",266278,266484,FALSE,FALSE
16,267884,267940,57,895,692.6,1143.5,755.7,6.62,"1296.jpg",266278,266484,FALSE,FALSE
16,268195,268229,35,1126.2,758.2,1178.3,747.4,1.37,"1296.jpg",266278,266484,FALSE,FALSE
16,268426,268462,37,1186.8,752.6,1333.3,674.2,4.23,"1296.jpg",266278,266484,FALSE,FALSE
16,268654,268700,47,1343.6,645.3,975,380.2,11.63,"1296.jpg",266278,266484,FALSE,FALSE
16,268946,268962,17,945.6,377.3,925.5,353.6,0.8,"1296.jpg",266278,266484,FALSE,FALSE
16,269078,269136,59,932.2,360.5,1245.3,396.2,8.1,"1296.jpg",266278,266484,FALSE,FALSE
17,271661,271690,30,939.6,548,789.1,426.7,5.01,"1335.jpg",271478,271660,FALSE,FALSE
17,271808,271825,18,780.5,412.1,784.3,373.9,0.99,"1335.jpg",271478,271660,FALSE,FALSE
17,272092,272108,17,776.7,401,808,399.5,0.81,"1335.jpg",271478,271660,FALSE,FALSE
17,272282,272339,58,799.4,399,1088.5,519.9,8.1,"1335.jpg",271478,271660,FALSE,FALSE
17,272549,272566,18,1092.9,524.7,1106.9,513.8,0.46,"1335.jpg",271478,271660,FALSE,FALSE
17,272959,273018,60,1085.4,511.2,857.8,768.5,8.88,"1335.jpg",271478,271660,FALSE,FALSE
17,273214,273268,55,850.8,790.2,1121,809.7,6.96,"1335.jpg",271478,271660,FALSE,FALSE
17,273625,273644,20,1132.7,801.7,1097.2,826.2,1.1,"1335.jpg",271478,271660,FALSE,FALSE
17,273787,273820,34,1104.6,818.3,830.8,785.7,7.08,"1335.jpg",271478,271660,FALSE,FALSE
17,274137,274159,23,808.8,798.8,842.4,824,1.08,"1335.jpg",271478,271660,FALSE,FALSE
17,274240,274304,65,841.7,817.4,748.4,375.2,11.6,"1335.jpg",271478,271660,FALSE,FALSE
17,274478,274501,24,753.7,363.1,784.5,390.1,1.06,"1335.jpg",271478,271660,FALSE,FALSE
18,276378,276400,23,781.9,629.9,735.6,648,1.28,"1391.jpg",275961,276377,FALSE,FALSE
18,276523,276557,35,729.5,653.8,802.8,676.8,1.98,"1391.jpg",275961,276377,FALSE,FALSE
18,276861,276915,55,785.1,697.5,481,299.2,12.72,"1391.jpg",275961,276377,FALSE,FALSE
18,277156,277168,13,462.3,286.6,447.9,264.2,0.66,"1391.jpg",275961,276377,FALSE,FALSE
18,277437,277506,70,454.5,270,986.1,345.1,13.53,"1391.jpg",275961,276377,FALSE,FALSE
18,277717,277791,75,972,355.6,1189.3,689.8,10.28,"1391.jpg",275961,276377,FALSE,FALSE
18,277974,278019,46,1187.7,682,1137.4,769.5,2.59,"1391.jpg",275961,276377,FALSE,FALSE
18,278266,278297,32,1156.1,779.2,1191.9,815.9,1.31,"1391.jpg",275961,276377,FALSE,FALSE
18,278533,278563,31,1204,817.8,1167.6,855.5,1.33,"1391.jpg",275961,276377,FALSE,FALSE
18,278771,278807,37,1161.7,851,1229.9,882.9,1.91,"1391.jpg",275961,276377,FALSE,FALSE
19,280821,280836,16,617.7,483.5,614.5,451.8,0.82,"1420.jpg",280303,280820,FALSE,FALSE
19,281129,281164,36,593.1,453.6,623.5,278.1,4.54,"1420.jpg",280303,280820,FALSE,FALSE
19,281397,281448,52,624,269.7,1251.2,261.6,15.86,"1420.jpg",280303,280820,FALSE,FALSE
19,281605,281625,21,1237.4,260.5,1236.7,210.1,1.28,"1420.jpg",280303,280820,FALSE,FALSE
19,281947,282015,69,1241.9,210.7,1060.6,475.7,8.22,"1420.jpg",280303,280820,FALSE,FALSE
19,282269,282334,66,1068.6,481.4,1074.6,721,6.21,"1420.jpg",280303,280820,FALSE,FALSE
19,282535,282593,59,1073.2,714.3,1042.7,470,6.38,"1420.jpg",280303,280820,FALSE,FALSE
19,282983,283044,62,1020.4,453.4,878.1,736.1,8.19,"1420.jpg",280303,280820,FALSE,FALSE
19,283206,283250,45,885.2,754.9,981,802.7,2.76,"1420.jpg",280303,280820,FALSE,FALSE
19,283360,283402,43,971.3,804.6,1112.3,804.4,3.63,"1420.jpg",280303,280820,FALSE,FALSE
20,285425,285458,34,906.6,570.6,891.6,380,4.97,"1433.jpg",285228,285424,FALSE,FALSE
20,285581,285602,22,890.4,386,883.3,350.6,0.93,"1433.jpg",285228,285424,FALSE,FALSE
20,285992,286049,58,878.7,373.6,797.2,635.9,7.11,"1433.jpg",285228,285424,FALSE,FALSE
20,286292,286316,25,800.2,652.8,714.1,662.2,2.23,"1433.jpg",285228,285424,FALSE,FALSE
20,286478,286506,29,726.7,654.6,695.3,684.3,1.11,"1433.jpg",285228,285424,FALSE,FALSE
20,286586,286634,49,691.1,681.6,827.1,723.4,3.65,"1433.jpg",285228,285424,FALSE,FALSE
20,286746,286807,62,823,723.3,1328.4,664.5,12.98,"1433.jpg",285228,285424,FALSE,FALSE
20,287031,287049,19,1338.9,671.3,1343.8,640.4,0.8,"1433.jpg",285228,285424,FALSE,FALSE
20,287210,287246,37,1333.3,656.4,1394.7,733.8,2.5,"1433.jpg",285228,285424,FALSE,FALSE
20,287497,287543,47,1404.2,726.4,1040.3,872.7,9.91,"1433.jpg",285228,285424,FALSE,FALSE
20,287750,287783,34,1010.4,874.2,1061.1,885.8,1.33,"1433.jpg",285228,285424,FALSE,FALSE
21,290861,290902,42,931.8,549.1,753.1,570.3,4.66,"1460.jpg",290611,290860,FALSE,FALSE
21,291133,291157,25,712.3,589.9,679.5,659.5,1.98,"1460.jpg",290611,290860,FALSE,FALSE
21,291326,291378,53,672.2,649.4,872.5,344.5,9.39,"1460.jpg",290611,290860,FALSE,FALSE
21,291518,291542,25,865.2,338.1,887.3,297.9,1.18,"1460.jpg",290611,290860,FALSE,FALSE
21,291859,291878,20,893.4,310.4,910.5,315.5,0.46,"1460.jpg",290611,290860,FALSE,FALSE
21,292067,292132,66,917.3,322.8,991.7,596.6,7.34,"1460.jpg",290611,290860,FALSE,FALSE
21,292297,292346,50,1004.3,601.9,1136.8,740,4.95,"1460.jpg",290611,290860,FALSE,FALSE
21,292585,292648,64,1129.8,754.8,731,496.6,12.23,"1460.jpg",290611,290860,FALSE,FALSE
21,292868,292892,25,725.2,485,734,526.2,1.09,"1460.jpg",290611,290860,FALSE,FALSE
21,293096,293126,31,741.1,527.8,735.1,403.1,3.23,"1460.jpg",290611,290860,FALSE,FALSE
21,293581,293622,42,722.1,422.5,586.1,407.8,3.48,"1460.jpg",290611,290860,FALSE,FALSE
22,295371,295393,23,958.9,534.4,872.6,517.1,2.29,"1472.jpg",295078,295370,FALSE,FALSE
22,295577,295639,63,871,528,1213.1,345.4,10,"1472.jpg",295078,295370,FALSE,FALSE
22,296098,296145,48,1192.6,348.6,1247.7,516.3,4.54,"1472.jpg",295078,295370,FALSE,FALSE
22,296365,296382,18,1240,541.8,1223.5,575.3,0.96,"1472.jpg",295078,295370,FALSE,FALSE
22,296526,296580,55,1228.2,567.9,1304.3,770.1,5.53,"1472.jpg",295078,295370,FALSE,FALSE
22,296861,296902,42,1301.8,779.7,1278.1,886.6,2.77,"1472.jpg",295078,295370,FALSE,FALSE
22,297116,297182,67,1277.1,903.6,522.3,536.1,21.08,"1472.jpg",295078,295370,FALSE,FALSE
22,297414,297441,28,515,534.2,541.6,528.3,0.68,"1472.jpg",295078,295370,FALSE,FALSE
22,297598,297627,30,537.6,540,577.3,417.3,3.29,"1472.jpg",295078,295370,FALSE,FALSE
22,297947,298007,61,552.7,417.7,970.2,403.4,10.66,"1472.jpg",295078,295370,FALSE,FALSE
22,298106,298133,28,976.6,408.2,939.6,317.1,2.54,"1472.jpg",295078,295370,FALSE,FALSE
23,299717,299744,28,954.7,516.6,882,445.4,2.64,"1479.jpg",299478,299716,FALSE,FALSE
23,299882,299900,19,891.2,453.6,911,453.2,0.51,"1479.jpg",299478,299716,FALSE,FALSE
23,300156,300209,54,887.2,463.2,1029.5,631.5,5.72,"1479.jpg",299478,299716,FALSE,FALSE
23,300322,300343,22,1027.6,653.1,1030.1,612.7,1.05,"1479.jpg",299478,299716,FALSE,FALSE
23,300716,300767,52,1024.3,626,934.4,781.5,4.64,"1479.jpg",299478,299716,FALSE,FALSE
23,300942,300972,31,931.2,805.5,885.9,790,1.23,"1479.jpg",299478,299716,FALSE,FALSE
23,301138,301191,54,887.9,788.6,767.6,660.4,4.53,"1479.jpg",299478,299716,FALSE,FALSE
23,301332,301383,52,770.5,653.2,858.3,466.5,5.34,"1479.jpg",299478,299716,FALSE,FALSE
23,301564,301583,20,863.4,454.4,879.6,460.2,0.45,"1479.jpg",299478,299716,FALSE,FALSE
23,301834,301866,33,884.3,458.6,708.8,351.3,5.3,"1479.jpg",299478,299716,FALSE,FALSE
23,302137,302171,35,705.1,357.3,823.4,351.8,3.04,"1479.jpg",299478,299716,FALSE,FALSE
23,302298,302349,52,815.2,361.4,996.8,358.7,4.69,"1479.jpg",299478,299716,FALSE,FALSE
23,302463,302500,38,990.3,364.8,1101.3,376.1,2.88,"1479.jpg",299478,299716,FALSE,FALSE
24,304643,304693,51,942.7,557.2,1105.7,568.1,4.23,"1480.jpg",304486,304642,FALSE,FALSE
24,304828,304851,24,1093.5,572.8,1136.1,558.3,1.16,"1480.jpg",304486,304642,FALSE,FALSE
24,305237,305265,29,1082.4,573.5,1050.9,638.9,1.88,"1480.jpg",304486,304642,FALSE,FALSE
24,305314,305342,29,1043.2,628.5,1064.8,674.8,1.33,"1480.jpg",304486,304642,FALSE,FALSE
24,305637,305684,48,1063.9,678.9,593.6,705.2,12.05,"1480.jpg",304486,304642,FALSE,FALSE
24,305918,305945,28,578.5,709.8,441.4,650.6,3.73,"1480.jpg",304486,304642,FALSE,FALSE
24,306201,306222,22,450,644.7,416.9,640.4,0.82,"1480.jpg",304486,304642,FALSE,FALSE
24,306406,306426,21,420.4,646.5,375.9,611.4,1.4,"1480.jpg",304486,304642,FALSE,FALSE
24,306701,306737,37,372.8,613.5,477,623.8,2.57,"1480.jpg",304486,304642,FALSE,FALSE
24,306955,306985,31,491.1,625.6,524.1,632.6,0.84,"1480.jpg",304486,304642,FALSE,FALSE
24,307179,307239,61,535.1,638.2,1173.5,943.5,17.84,"1480.jpg",304486,304642,FALSE,FALSE
24,307439,307494,56,1176.4,939.9,1421,956.7,6.11,"1480.jpg",304486,304642,FALSE,FALSE
25,309429,309455,27,911.4,533,808.8,460.2,3.26,"1481.jpg",309253,309428,FALSE,FALSE
25,309749,309767,19,806.9,495,821.5,502.4,0.42,"1481.jpg",309253,309428,FALSE,FALSE
25,310014,310040,27,809,504.4,797.1,571.7,1.77,"1481.jpg",309253,309428,FALSE,FALSE
25,310256,310297,42,795.5,563.8,798.3,660.3,2.5,"1481.jpg",309253,309428,FALSE,FALSE
25,310437,310453,17,788.9,681.6,777.7,654.9,0.75,"1481.jpg",309253,309428,FALSE,FALSE
25,310594,310653,60,780.9,670.9,758.3,891.3,5.66,"1481.jpg",309253,309428,FALSE,FALSE
25,310876,310936,61,739.3,888.2,389.1,887,8.67,"1481.jpg",309253,309428,FALSE,FALSE
25,311160,311179,20,381.9,889.9,402.8,873.7,0.64,"1481.jpg",309253,309428,FALSE,FALSE
25,311317,311403,87,407.2,874.6,1157,357.3,22.8,"1481.jpg",309253,309428,FALSE,FALSE
25,311527,311567,41,1155.5,338.2,1154.3,266.6,1.83,"1481.jpg",309253,309428,FALSE,FALSE
25,311951,312003,53,1157.2,244.4,1026.9,347.9,4.27,"1481.jpg",309253,309428,FALSE,FALSE
25,312323,312352,30,1036.2,361.6,1114.3,439.5,2.85,"1481.jpg",309253,309428,FALSE,FALSE
26,314473,314527,55,933.7,568.8,695.9,526.8,6.23,"1491.jpg",314311,314472,FALSE,FALSE
26,314627,314652,26,706,525.5,720.3,524.3,0.37,"1491.jpg",314311,314472,FALSE,FALSE
26,314873,314920,48,720.8,537,696.1,657.3,3.17,"1491.jpg",314311,314472,FALSE,FALSE
26,315145,315168,24,683.4,685.9,692.4,723.6,0.99,"1491.jpg",314311,314472,FALSE,FALSE
26,315285,315346,62,689.7,718.8,1125,747.6,11.17,"1491.jpg",314311,314472,FALSE,FALSE
26,315471,315491,21,1110.9,752.5,1126.3,764.7,0.51,"1491.jpg",314311,314472,FALSE,FALSE
26,315782,315820,39,1115.3,752.3,1049.3,600.9,4.27,"1491.jpg",314311,314472,FALSE,FALSE
26,316150,316173,24,1043.1,600.6,1058.9,640.8,1.12,"1491.jpg",314311,314472,FALSE,FALSE
26,316465,316511,47,1071.7,643.4,1352.9,420.8,9.18,"1491.jpg",314311,314472,FALSE,FALSE
26,316727,316752,26,1342.5,426,1323.3,425.6,0.48,"1491.jpg",314311,314472,FALSE,FALSE
26,316914,316969,56,1316.4,429.2,1060.3,400.7,6.6,"1491.jpg",314311,314472,FALSE,FALSE
27,319001,319033,33,923.1,550.3,751.3,425,5.5,"1522.jpg",318811,319000,FALSE,FALSE
27,319195,319206,12,760.5,423.2,758.1,399.5,0.62,"1522.jpg",318811,319000,FALSE,FALSE
27,319349,319371,23,759.2,412.5,795.6,415,0.94,"1522.jpg",318811,319000,FALSE,FALSE
27,319536,319605,70,792.5,424.5,880.9,743.4,8.55,"1522.jpg",318811,319000,FALSE,FALSE
27,319841,319875,35,871,737.3,931.4,740.7,1.56,"1522.jpg",318811,319000,FALSE,FALSE
27,320006,320053,48,934.8,746.6,1194.5,717.9,6.73,"1522.jpg",318811,319000,FALSE,FALSE
27,320420,320443,24,1198.7,735.2,1239.5,747.2,1.09,"1522.jpg",318811,319000,FALSE,FALSE
27,320833,320875,43,1231.3,747.1,955.1,701,7.2,"1522.jpg",318811,319000,FALSE,FALSE
27,321072,321110,39,941.9,710.2,913.1,750.2,1.27,"1522.jpg",318811,319000,FALSE,FALSE
27,321323,321380,58,915.7,770.2,779.7,464.1,8.64,"1522.jpg",318811,319000,FALSE,FALSE
27,321518,321541,24,789.4,451.8,753.8,422.7,1.19,"1522.jpg",318811,319000,FALSE,FALSE
27,321711,321742,32,752.2,441.8,713.1,436.4,1.01,"1522.jpg",318811,319000,FALSE,FALSE
28,323333,323364,32,920.1,560,974.8,485.2,2.41,"1526.jpg",323161,323332,FALSE,FALSE
28,323479,323499,21,985.9,497.2,993.4,459.6,1,"1526.jpg",323161,323332,FALSE,FALSE
28,323620,323676,57,989.9,478.4,1284.1,494,7.57,"1526.jpg",323161,323332,FALSE,FALSE
28,323866,323892,27,1279.1,492.7,1300.7,489.6,0.55,"1526.jpg",323161,323332,FALSE,FALSE
28,324041,324105,65,1304.1,500.8,1165.7,866.7,9.99,"1526.jpg",323161,323332,FALSE,FALSE
28,324268,324298,31,1154.6,885.6,1174.8,922.6,1.07,"1526.jpg",323161,323332,FALSE,FALSE
28,324374,324429,56,1183.6,924.8,908.5,888.6,7.07,"1526.jpg",323161,323332,FALSE,FALSE
28,324589,324631,43,921.2,884.1,615.2,813,7.98,"1526.jpg",323161,323332,FALSE,FALSE
28,324896,324933,38,592.9,824.1,564,704.9,3.11,"1526.jpg",323161,323332,FALSE,FALSE
28,325078,325101,24,553.8,711.6,575.7,663.1,1.35,"1526.jpg",323161,323332,FALSE,FALSE
28,325186,325222,37,578,674.4,460,607.2,3.4,"1526.jpg",323161,323332,FALSE,FALSE
28,325370,325390,21,446.7,602.1,411.3,617.9,0.96,"1526.jpg",323161,323332,FALSE,FALSE
28,325545,325592,48,410.4,611.8,531.2,618.7,2.99,"1526.jpg",323161,323332,FALSE,FALSE
28,325885,325921,37,524.9,617,589.8,611.4,1.64,"1526.jpg",323161,323332,FALSE,FALSE
28,326102,326129,28,612.4,612.5,480.5,506,4.28,"1526.jpg",323161,323332,FALSE,FALSE
29,328454,328488,35,919.9,578.2,1043.7,468.9,4.29,"1543.jpg",328245,328453,FALSE,FALSE
29,328627,328682,56,1022.2,493.4,608.8,430.6,10.72,"1543.jpg",328245,328453,FALSE,FALSE
29,329028,329080,53,568.2,425.8,587.8,692.7,6.84,"1543.jpg",328245,328453,FALSE,FALSE
29,329548,329614,67,605.6,699.6,1075.7,595.5,12.32,"1543.jpg",328245,328453,FALSE,FALSE
29,329838,329885,48,1068.4,587.2,1025,477.6,3.06,"1543.jpg",328245,328453,FALSE,FALSE
29,330107,330146,40,1007.9,469.6,1344.2,410.7,8.73,"1543.jpg",328245,328453,FALSE,FALSE
29,330332,330354,23,1331.2,405.3,1323.3,367.5,0.99,"1543.jpg",328245,328453,FALSE,FALSE
29,330571,330650,80,1333.3,376.6,1356.4,835.2,11.64,"1543.jpg",328245,328453,FALSE,FALSE
29,330792,330852,61,1363.9,821.7,991.5,865.7,9.49,"1543.jpg",328245,328453,FALSE,FALSE
29,331079,331125,47,1010.2,869.3,893.1,813.1,3.34,"1543.jpg",328245,328453,FALSE,FALSE
30,332825,332881,57,907.4,541.5,642.3,456.9,7.16,"1544.jpg",332536,332824,FALSE,FALSE
30,332984,332996,13,640.2,468.1,638.9,442.7,0.65,"1544.jpg",332536,332824,FALSE,FALSE
30,333275,333329,55,624.8,461.9,551.8,583.4,3.62,"1544.jpg",332536,332824,FALSE,FALSE
30,333525,333565,41,560.2,606.7,569.3,710.7,2.66,"1544.jpg",332536,332824,FALSE,FALSE
30,333838,333893,56,584.4,719.3,636.7,467.8,6.58,"1544.jpg",332536,332824,FALSE,FALSE
30,334069,334096,28,647.7,446.9,664.2,442.7,0.43,"1544.jpg",332536,332824,FALSE,FALSE
30,334215,334284,70,670.4,443.5,1179.3,392.2,13.08,"1544.jpg",332536,332824,FALSE,FALSE
30,334455,334474,20,1161.8,399.3,1132.3,370.6,1.06,"1544.jpg",332536,332824,FALSE,FALSE
30,334760,334816,57,1128.7,383,1185.7,600.5,5.81,"1544.jpg",332536,332824,FALSE,FALSE
30,335077,335111,35,1191.1,616.3,1240.2,729,3.16,"1544.jpg",332536,332824,FALSE,FALSE
30,335441,335486,46,1255.7,732.6,1053.2,600.9,6.21,"1544.jpg",332536,332824,FALSE,FALSE
31,337044,337097,54,887.8,528,666.6,526.1,5.69,"1566.jpg",336820,337043,FALSE,FALSE
31,337309,337342,34,655.4,545.6,505.5,471.1,4.23,"1566.jpg",336820,337043,FALSE,FALSE
31,337613,337627,15,506.2,471.1,508.5,441.9,0.75,"1566.jpg",336820,337043,FALSE,FALSE
31,337681,337710,30,504.5,442.7,465.5,366,2.17,"1566.jpg",336820,337043,FALSE,FALSE
31,337883,337905,23,470.9,374.4,433.2,387.7,0.99,"1566.jpg",336820,337043,FALSE,FALSE
31,338263,338304,42,432.9,383.2,566.4,356.1,3.38,"1566.jpg",336820,337043,FALSE,FALSE
31,338500,338521,22,577.8,361.4,543,360.6,0.87,"1566.jpg",336820,337043,FALSE,FALSE
31,338774,338812,39,540.6,360.4,668.4,309.5,3.47,"1566.jpg",336820,337043,FALSE,FALSE
31,338985,339018,34,681.5,317.4,731.4,303.8,1.32,"1566.jpg",336820,337043,FALSE,FALSE
31,339111,339149,39,743.5,302.4,835.5,262.4,2.57,"1566.jpg",336820,337043,FALSE,FALSE
31,339319,339370,52,845.7,259.6,999.7,235,4.01,"1566.jpg",336820,337043,FALSE,FALSE
31,339525,339593,69,991.1,234.2,1153.7,540.3,8.91,"1566.jpg",336820,337043,FALSE,FALSE
31,339677,339702,26,1156.1,531.4,1117,439.6,2.58,"1566.jpg",336820,337043,FALSE,FALSE
32,341335,341375,41,907.1,565,1043.9,408,5.41,"1567.jpg",341161,341334,FALSE,FALSE
32,341516,341540,25,1058,409.6,1062.5,346.3,1.64,"1567.jpg",341161,341334,FALSE,FALSE
32,341859,341932,74,1072.6,365.2,861.3,703.3,10.3,"1567.jpg",341161,341334,FALSE,FALSE
32,342173,342189,17,864.1,705.4,861.9,726.3,0.54,"1567.jpg",341161,341334,FALSE,FALSE
32,342363,342379,17,857,724.9,842.7,747.4,0.69,"1567.jpg",341161,341334,FALSE,FALSE
32,342550,342671,122,841.2,752.7,1080.4,952.6,7.96,"1567.jpg",341161,341334,FALSE,FALSE
32,342868,342904,37,1084.6,950,984.7,911.3,2.73,"1567.jpg",341161,341334,FALSE,FALSE
32,343051,343107,57,955.1,913.7,1189.9,951.2,6.05,"1567.jpg",341161,341334,FALSE,FALSE
32,343393,343461,69,1173.9,957.6,1109.6,601.1,9.23,"1567.jpg",341161,341334,FALSE,FALSE
32,343686,343713,28,1106.9,580.7,1102.9,490.4,2.35,"1567.jpg",341161,341334,FALSE,FALSE
32,343852,343883,32,1105.2,505.8,1025.9,344.4,4.66,"1567.jpg",341161,341334,FALSE,FALSE
32,344065,344102,38,1022.7,346,772.3,282.2,6.65,"1567.jpg",341161,341334,FALSE,FALSE
33,345695,345710,16,709.9,475.2,671.3,494.8,1.11,"1573.jpg",345370,345694,FALSE,FALSE
33,345862,345912,51,657.4,509.5,555.2,683,5.15,"1573.jpg",345370,345694,FALSE,FALSE
33,346145,346172,28,556.2,698.9,589.2,710.8,0.88,"1573.jpg",345370,345694,FALSE,FALSE
33,346298,346326,29,599.7,708.9,630.1,715.7,0.79,"1573.jpg",345370,345694,FALSE,FALSE
33,346525,346574,50,643.2,717.5,556.4,731.4,2.22,"1573.jpg",345370,345694,FALSE,FALSE
33,346778,346809,32,566.3,731.7,602.7,744.9,0.98,"1573.jpg",345370,345694,FALSE,FALSE
33,346922,346972,51,615.1,746.5,513.4,864.7,3.92,"1573.jpg",345370,345694,FALSE,FALSE
33,347153,347224,72,517.6,878.9,1048.5,418.8,17.8,"1573.jpg",345370,345694,FALSE,FALSE
33,347353,347384,32,1043.4,407.3,1032.4,383.6,0.68,"1573.jpg",345370,345694,FALSE,FALSE
33,347595,347614,20,1029,383,1052.4,379.7,0.61,"1573.jpg",345370,345694,FALSE,FALSE
33,347835,347892,58,1046.2,380.8,1112,675,7.79,"1573.jpg",345370,345694,FALSE,FALSE
33,348183,348231,49,1098.9,687.7,1117.2,926.1,6.1,"1573.jpg",345370,345694,FALSE,FALSE
34,349989,350033,45,850.2,551.8,724.2,382.9,5.44,"1576.jpg",349845,349988,FALSE,FALSE
34,350119,350143,25,728.4,386.3,730.7,306.3,2.05,"1576.jpg",349845,349988,FALSE,FALSE
34,350296,350354,59,726.8,323.5,461.4,365.2,6.74,"1576.jpg",349845,349988,FALSE,FALSE
34,350630,350700,71,466.6,374.4,518.3,709.2,8.57,"1576.jpg",349845,349988,FALSE,FALSE
34,350849,350874,26,520,709.7,494.7,606.8,2.69,"1576.jpg",349845,349988,FALSE,FALSE
34,351094,351168,75,507.9,598.1,1177.8,456.5,17.34,"1576.jpg",349845,349988,FALSE,FALSE
34,351324,351345,22,1173.2,458.9,1117.4,405,2,"1576.jpg",349845,349988,FALSE,FALSE
34,351615,351688,74,1117.4,417,970.1,768.2,9.84,"1576.jpg",349845,349988,FALSE,FALSE
34,352145,352267,123,971.3,761.2,1251,310.5,13.6,"1576.jpg",349845,349988,FALSE,FALSE
34,352390,352428,39,1241.7,292.9,1392.1,222.7,4.17,"1576.jpg",349845,349988,FALSE,FALSE
35,354380,354421,42,918.2,499.8,921.3,614.5,2.98,"1590.jpg",354228,354379,FALSE,FALSE
35,354836,354889,54,917.7,636.9,709.1,298.4,10.24,"1590.jpg",354228,354379,FALSE,FALSE
35,355183,355203,21,711.9,293.9,740.4,317.9,0.95,"1590.jpg",354228,354379,FALSE,FALSE
35,355447,355455,9,745.4,320.7,763.3,326.4,0.48,"1590.jpg",354228,354379,FALSE,FALSE
35,355612,355663,52,756.8,326.3,1187.3,362.9,11.08,"1590.jpg",354228,354379,FALSE,FALSE
35,355968,356004,37,1204.6,368,1256.5,413.6,1.77,"1590.jpg",354228,354379,FALSE,FALSE
35,356252,356281,30,1253.9,425.4,1204.2,438.1,1.31,"1590.jpg",354228,354379,FALSE,FALSE
35,356441,356476,36,1201,432,1205.5,480.2,1.25,"1590.jpg",354228,354379,FALSE,FALSE
35,356891,356941,51,1208.6,482.2,774.8,386.4,11.42,"1590.jpg",354228,354379,FALSE,FALSE
35,357124,357140,17,752.8,380.8,732.6,350.8,0.93,"1590.jpg",354228,354379,FALSE,FALSE
36,359306,359361,56,759.7,615.7,1068.5,569.9,8.07,"1606.jpg",358695,359305,FALSE,FALSE
36,359555,359562,8,1048.4,572.6,1035.2,565,0.4,"1606.jpg",358695,359305,FALSE,FALSE
36,360000,360046,47,1037.8,554.4,873.1,311.2,7.6,"1606.jpg",358695,359305,FALSE,FALSE
36,360234,360259,26,864,301,786.2,284.8,2.04,"1606.jpg",358695,359305,FALSE,FALSE
36,360427,360462,36,793.3,296.4,810.7,252,1.22,"1606.jpg",358695,359305,FALSE,FALSE
36,360587,360638,52,814.1,245.2,984,221.5,4.4,"1606.jpg",358695,359305,FALSE,FALSE
36,360985,361069,85,977,246.8,1057.2,855.3,15.66,"1606.jpg",358695,359305,FALSE,FALSE
36,361180,361221,42,1049.9,841.7,1006.5,878.2,1.45,"1606.jpg",358695,359305,FALSE,FALSE
36,361284,361340,57,1007.8,887.2,1241.3,907.6,5.96,"1606.jpg",358695,359305,FALSE,FALSE
36,361435,361491,57,1223.5,906.6,782.4,661,12.88,"1606.jpg",358695,359305,FALSE,FALSE
36,361635,361658,24,769.8,646.5,742.2,608.9,1.2,"1606.jpg",358695,359305,FALSE,FALSE
37,363237,363262,26,1041.9,515.4,1063.3,452,1.74,"1608.jpg",362903,363236,FALSE,FALSE
37,363572,363601,30,1033.8,464.8,990.5,492.5,1.33,"1608.jpg",362903,363236,FALSE,FALSE
37,363741,363796,56,978.6,483.5,641.4,638.8,9.55,"1608.jpg",362903,363236,FALSE,FALSE
37,364019,364035,17,639,652.2,613.7,664.2,0.71,"1608.jpg",362903,363236,FALSE,FALSE
37,364169,364220,52,626.3,663.2,995.7,519.5,10.18,"1608.jpg",362903,363236,FALSE,FALSE
37,364539,364609,71,1001.1,508.5,1298.5,868.3,11.94,"1608.jpg",362903,363236,FALSE,FALSE
37,364750,364780,31,1295.2,859.6,1309.3,912.4,1.37,"1608.jpg",362903,363236,FALSE,FALSE
37,365071,365092,22,1317.4,916.7,1288.5,924.4,0.75,"1608.jpg",362903,363236,FALSE,FALSE
37,365302,365350,49,1280.2,928.5,1362.5,937.4,2.06,"1608.jpg",362903,363236,FALSE,FALSE
37,365630,365700,71,1349.4,933.8,770.1,900,14.58,"1608.jpg",362903,363236,FALSE,FALSE
38,367581,367605,25,895.8,531.8,833.2,453.1,2.61,"1614.jpg",367428,367580,FALSE,FALSE
38,367768,367825,58,830.7,448.4,575,470.7,6.56,"1614.jpg",367428,367580,FALSE,FALSE
38,368018,368045,28,583.2,494.8,562.8,490.1,0.53,"1614.jpg",367428,367580,FALSE,FALSE
38,368243,368266,24,557.1,485.7,594.2,534.3,1.56,"1614.jpg",367428,367580,FALSE,FALSE
38,368430,368462,33,591.8,524.7,643.1,636.2,3.14,"1614.jpg",367428,367580,FALSE,FALSE
38,368587,368605,19,653.4,636.4,625.2,607.5,1.03,"1614.jpg",367428,367580,FALSE,FALSE
38,368814,368842,29,630.5,610.6,649.9,602.8,0.53,"1614.jpg",367428,367580,FALSE,FALSE
38,368949,369021,73,654.2,604.2,1274.9,705.4,16.01,"1614.jpg",367428,367580,FALSE,FALSE
38,369233,369260,28,1260.2,713,1232.9,684.1,1.02,"1614.jpg",367428,367580,FALSE,FALSE
38,369420,369438,19,1210.9,696.8,1182.6,694.4,0.73,"1614.jpg",367428,367580,FALSE,FALSE
38,369691,369726,36,1177.2,689.9,1228.7,684.5,1.33,"1614.jpg",367428,367580,FALSE,FALSE
38,369962,369993,32,1237.9,682,1280.7,701,1.19,"1614.jpg",367428,367580,FALSE,FALSE
38,370287,370327,41,1294,694.8,1240.5,711.5,1.43,"1614.jpg",367428,367580,FALSE,FALSE
38,370451,370496,46,1247.1,717.9,1235.5,840.3,3.14,"1614.jpg",367428,367580,FALSE,FALSE
39,372110,372129,20,922.6,525,922,485.7,1.02,"1620.jpg",371820,372109,FALSE,FALSE
39,372416,372451,36,906.2,514.5,697.7,431.4,5.79,"1620.jpg",371820,372109,FALSE,FALSE
39,372873,372897,25,688.5,409.9,698.6,409.7,0.26,"1620.jpg",371820,372109,FALSE,FALSE
39,373079,373135,57,712.2,410.9,500.3,388.7,5.38,"1620.jpg",371820,372109,FALSE,FALSE
39,373286,373363,78,512,391.3,1012.6,728,15.37,"1620.jpg",371820,372109,FALSE,FALSE
39,373472,373511,40,1020.1,729.9,1091.1,816.7,2.89,"1620.jpg",371820,372109,FALSE,FALSE
39,373746,373801,56,1079.9,841.9,813.5,915.9,7.07,"1620.jpg",371820,372109,FALSE,FALSE
39,374075,374123,49,801.2,926.2,961.3,955.3,4.14,"1620.jpg",371820,372109,FALSE,FALSE
39,374230,374276,47,951.2,959.2,1051,832.9,4.1,"1620.jpg",371820,372109,FALSE,FALSE
39,374620,374676,57,1044.5,823.8,894.2,522.3,8.7,"1620.jpg",371820,372109,FALSE,FALSE
40,376194,376241,48,887.8,537.5,609.3,503.9,7.19,"1643.jpg",375978,376193,FALSE,FALSE
40,376338,376362,25,584.8,516.2,583.6,446.9,1.78,"1643.jpg",375978,376193,FALSE,FALSE
40,376489,376500,12,563.5,462.8,558.9,438.3,0.64,"1643.jpg",375978,376193,FALSE,FALSE
40,376784,376834,51,558.6,446.9,571,627.3,4.62,"1643.jpg",375978,376193,FALSE,FALSE
40,377123,377199,77,570.6,643.4,1273.1,490.2,18.21,"1643.jpg",375978,376193,FALSE,FALSE
40,377434,377466,33,1269.3,475.3,1284.7,337.4,3.56,"1643.jpg",375978,376193,FALSE,FALSE
40,377615,377647,33,1277.6,334.2,1232.2,335.3,1.15,"1643.jpg",375978,376193,FALSE,FALSE
40,377898,377935,38,1222.3,337.5,1303.9,334.1,2.07,"1643.jpg",375978,376193,FALSE,FALSE
40,378109,378139,31,1321.2,345.7,1354.2,358,0.89,"1643.jpg",375978,376193,FALSE,FALSE
40,378369,378438,70,1368.3,371.4,1316.5,671.3,7.76,"1643.jpg",375978,376193,FALSE,FALSE
40,378574,378606,33,1318.7,661.2,1294.6,524.7,3.56,"1643.jpg",375978,376193,FALSE,FALSE
40,378910,378975,66,1292.4,535,1308,766.1,5.92,"1643.jpg",375978,376193,FALSE,FALSE
